source_table,source_path,row_order,project_id,wbs_id,activity_id,activity_name,planned_start,planned_finish,actual_start,actual_finish,forecast_start,forecast_finish,planned_weight,planned_progress,actual_progress,total_float_days,is_critical,responsible_party,Activity ID,Activity Name,WBS,Baseline Start,Baseline Finish,Start,Finish,Actual Start,Actual Finish,Remaining Duration,Total Float,Free Float,Critical,Longest Path,Predecessors,Successors,Remaining Units,Budgeted Units,Physical % Complete,schedule_version,wbs_code,activity_type,calendar_name,baseline_start,baseline_finish,remaining_duration_days,free_float_days,is_longest_path,physical_percent_complete,source_id,notes,master_project_id,master_activity_id,master_activity_row_order,master_evm_row_order,master_progress_row_order,activity__project_id,activity__wbs_id,activity__activity_id,activity__activity_name,activity__planned_start,activity__planned_finish,activity__actual_start,activity__actual_finish,activity__forecast_start,activity__forecast_finish,activity__planned_weight,activity__planned_progress,activity__actual_progress,activity__total_float_days,activity__is_critical,activity__responsible_party,evm__project_id,evm__activity_id,evm__activity_name,evm__period,evm__BAC,evm__AC,evm__EV,evm__PV,evm__CPI,evm__SPI,evm__CV,evm__SV,progress__project_id,progress__activity_id,progress__update_date,progress__planned_progress,progress__actual_progress,progress__planned_value,progress__earned_value,progress__actual_cost,progress__notes
activities,01-data/import_templates/activities.csv,1,Sophia-Mall,Sophia-Mall.MILESTONE,KD-MS-1000,Project Start Date,15-Oct-25,,15-Oct-25 A,15-Oct-25 A,15-Oct-25,,0.0120,1.00,1.00,5,No,Project Controls,,,,,,,,,,,,,,,,,,,,,,,,,,,,,,,,,,,,,,,,,,,,,,,,,,,,,,,,,,,,,,,,,,,,,,,,,
activities,01-data/import_templates/activities.csv,2,Sophia-Mall,Sophia-Mall.MILESTONE,KD-MS-1010,Contract Agreement,15-Oct-25,,15-Oct-25 A,15-Oct-25 A,15-Oct-25,,0.0120,1.00,1.00,6,No,Commercial,,,,,,,,,,,,,,,,,,,,,,,,,,,,,,,,,,,,,,,,,,,,,,,,,,,,,,,,,,,,,,,,,,,,,,,,,
activities,01-data/import_templates/activities.csv,3,Sophia-Mall,Sophia-Mall.MILESTONE,KD-MS-1020,IFC Drawing Package,25-Oct-25,,25-Oct-25 A,25-Oct-25 A,25-Oct-25,,0.0120,1.00,1.00,,Yes,Engineering,,,,,,,,,,,,,,,,,,,,,,,,,,,,,,,,,,,,,,,,,,,,,,,,,,,,,,,,,,,,,,,,,,,,,,,,,
activities,01-data/import_templates/activities.csv,4,Sophia-Mall,Sophia-Mall.MOBILIZATION,KD-MOB-1000,Mobilization and site logistics setup,17-Oct-25,18-Nov-25,22-Oct-25 A,24-Nov-25 A,22-Oct-25,20-Nov-25,0.0241,1.00,1.00,8,No,Construction,,,,,,,,,,,,,,,,,,,,,,,,,,,,,,,,,,,,,,,,,,,,,,,,,,,,,,,,,,,,,,,,,,,,,,,,,
activities,01-data/import_templates/activities.csv,5,Sophia-Mall,Sophia-Mall.SURVEY,SUR-SM-1010,Surveying and benchmark establishment,5-Nov-25,23-Nov-25,13-Nov-25 A,2-Dec-25 A,13-Nov-25,25-Nov-25,0.0241,1.00,1.00,9,No,Survey Team,,,,,,,,,,,,,,,,,,,,,,,,,,,,,,,,,,,,,,,,,,,,,,,,,,,,,,,,,,,,,,,,,,,,,,,,,
activities,01-data/import_templates/activities.csv,6,Sophia-Mall,Sophia-Mall.ENGINEERING,E-SUB-SM-1020,Structural and architectural shop drawings,22-Nov-25,6-Jan-26,3-Dec-25 A,,3-Dec-25,8-Jan-26,0.0361,0.90,0.95,-15,Yes,Engineering,,,,,,,,,,,,,,,,,,,,,,,,,,,,,,,,,,,,,,,,,,,,,,,,,,,,,,,,,,,,,,,,,,,,,,,,,
activities,01-data/import_templates/activities.csv,7,Sophia-Mall,Sophia-Mall.ENGINEERING,E-APP-SM-1020,Approval of podium and basement drawings,5-Jan-26,10-Feb-26,10-Jan-26 A,,10-Jan-26,12-Feb-26,0.0361,0.78,0.83,-17,Yes,Engineer,,,,,,,,,,,,,,,,,,,,,,,,,,,,,,,,,,,,,,,,,,,,,,,,,,,,,,,,,,,,,,,,,,,,,,,,,
activities,01-data/import_templates/activities.csv,8,Sophia-Mall,Sophia-Mall.PROCUREMENT,P-MDEL-SM-1000,Long lead procurement for steel and MEP sleeves,24-Dec-25,2-Mar-26,1-Jan-26 A,,1-Jan-26,4-Mar-26,0.0602,0.67,0.71,-19,Yes,Procurement,,,,,,,,,,,,,,,,,,,,,,,,,,,,,,,,,,,,,,,,,,,,,,,,,,,,,,,,,,,,,,,,,,,,,,,,,
activities,01-data/import_templates/activities.csv,9,Sophia-Mall,Sophia-Mall.CONSTRUCTION,CON-SM-EXC-1010,Bulk excavation and dewatering,9-Dec-25,19-Mar-26,20-Dec-25 A,1-Apr-26 A,20-Dec-25,21-Mar-26,0.1205,0.95,1.00,,Yes,Construction,,,,,,,,,,,,,,,,,,,,,,,,,,,,,,,,,,,,,,,,,,,,,,,,,,,,,,,,,,,,,,,,,,,,,,,,,
activities,01-data/import_templates/activities.csv,10,Sophia-Mall,Sophia-Mall.CONSTRUCTION,CON-SM-RFT-1020,RFT for raft foundation,22-Feb-26,30-Mar-26,27-Feb-26 A,,27-Feb-26,1-Apr-26,0.1205,0.82,0.87,-23,Yes,Construction,,,,,,,,,,,,,,,,,,,,,,,,,,,,,,,,,,,,,,,,,,,,,,,,,,,,,,,,,,,,,,,,,,,,,,,,,
activities,01-data/import_templates/activities.csv,11,Sophia-Mall,Sophia-Mall.CONSTRUCTION,CON-SM-CON-1030,Raft foundation concrete works,30-Mar-26,29-Apr-26,7-Apr-26 A,,7-Apr-26,1-May-26,0.1205,0.62,0.66,-25,Yes,Construction,,,,,,,,,,,,,,,,,,,,,,,,,,,,,,,,,,,,,,,,,,,,,,,,,,,,,,,,,,,,,,,,,,,,,,,,,
activities,01-data/import_templates/activities.csv,12,Sophia-Mall,Sophia-Mall.CONSTRUCTION,CON-SM-B1-1040,Basement B1 columns and walls,29-Apr-26,26-Jun-26,10-May-26 A,,10-May-26,28-Jun-26,0.1205,0.35,0.37,-27,Yes,Construction,,,,,,,,,,,,,,,,,,,,,,,,,,,,,,,,,,,,,,,,,,,,,,,,,,,,,,,,,,,,,,,,,,,,,,,,,
activities,01-data/import_templates/activities.csv,13,Sophia-Mall,Sophia-Mall.CONSTRUCTION,CON-SM-GF-1050,Ground floor slab and beams,26-Jun-26,4-Sep-26,1-Jul-26 A,,1-Jul-26,6-Sep-26,0.1205,0.10,0.11,-29,Yes,Construction,,,,,,,,,,,,,,,,,,,,,,,,,,,,,,,,,,,,,,,,,,,,,,,,,,,,,,,,,,,,,,,,,,,,,,,,,
activities,01-data/import_templates/activities.csv,14,Sophia-Mall,Sophia-Mall.MEP,MEP-SM-1060,"MEP sleeves, embeds and risers coordination",27-Jul-26,15-Oct-26,4-Aug-26 A,,4-Aug-26,17-Oct-26,0.0723,0.03,0.03,18,No,MEP,,,,,,,,,,,,,,,,,,,,,,,,,,,,,,,,,,,,,,,,,,,,,,,,,,,,,,,,,,,,,,,,,,,,,,,,,
activities,01-data/import_templates/activities.csv,15,Sophia-Mall,Sophia-Mall.FINISHING,FIN-SM-1070,Façade and retail shell finishing,9-Nov-26,9-Mar-27,,,14-Nov-26,11-Mar-27,0.0723,0.00,0.00,19,No,Finishing,,,,,,,,,,,,,,,,,,,,,,,,,,,,,,,,,,,,,,,,,,,,,,,,,,,,,,,,,,,,,,,,,,,,,,,,,
activities,01-data/import_templates/activities.csv,16,Sophia-Mall,Sophia-Mall.TESTING,TST-SM-1080,"Testing, commissioning and authorities handover",28-May-27,12-Jul-27,,,2-Jun-27,14-Jul-27,0.0241,0.00,0.00,-35,Yes,QA/QC,,,,,,,,,,,,,,,,,,,,,,,,,,,,,,,,,,,,,,,,,,,,,,,,,,,,,,,,,,,,,,,,,,,,,,,,,
activities,01-data/import_templates/activities.csv,17,Sophia-Mall,Sophia-Mall.MILESTONE,KD-MS-9000,Substantial Completion,1-Aug-27,,,,6-Aug-27,,0.0120,0.00,0.00,-37,Yes,Project Controls,,,,,,,,,,,,,,,,,,,,,,,,,,,,,,,,,,,,,,,,,,,,,,,,,,,,,,,,,,,,,,,,,,,,,,,,,
04-p6_activity_export,02-delay_analysis/unified_tia_csv/04-p6_activity_export.csv,1,Sophia-Mall-P.02-UP-26-Jun-26,,,,,,,,,,,,,,,,SM-MS-1000,Project Start Date,Sophia-Mall - P.02 - UP-26-JUN-26.KD.MI,1-Oct-25,,1-Oct-25,,1-Oct-25,,0,0,0,No,Yes,,SM-MOB-1010,0.0,0,1.0,,,,,,,,,,,,,,,,,,,,,,,,,,,,,,,,,,,,,,,,,,,,,,,,,,,,,,
04-p6_activity_export,02-delay_analysis/unified_tia_csv/04-p6_activity_export.csv,2,Sophia-Mall-P.02-UP-26-Jun-26,,,,,,,,,,,,,,,,SM-MS-1040,Structural Works Finish Date,Sophia-Mall - P.02 - UP-26-JUN-26.KD.MI,,15-Nov-26,,9-Apr-27,,,0,-118,0,Yes,No,,SM-MS-1050,0.0,0,0.0,,,,,,,,,,,,,,,,,,,,,,,,,,,,,,,,,,,,,,,,,,,,,,,,,,,,,,
04-p6_activity_export,02-delay_analysis/unified_tia_csv/04-p6_activity_export.csv,3,Sophia-Mall-P.02-UP-26-Jun-26,,,,,,,,,,,,,,,,SM-MS-1050,Project Finish Date,Sophia-Mall - P.02 - UP-26-JUN-26.KD.MI,,15-Mar-27,,7-Aug-27,,,0,-151,0,Yes,Yes,SM-HO-1000,,0.0,0,0.0,,,,,,,,,,,,,,,,,,,,,,,,,,,,,,,,,,,,,,,,,,,,,,,,,,,,,,
04-p6_activity_export,02-delay_analysis/unified_tia_csv/04-p6_activity_export.csv,4,Sophia-Mall-P.02-UP-26-Jun-26,,,,,,,,,,,,,,,,CON-SM-NW-FORM-1040,Formwork readiness before North wing raft RFT (North-Wing),Sophia-Mall - P.02 - UP-26-JUN-26.CON.North.Wing,14-Nov-25,22-Nov-25,23-Nov-25,9-Dec-25,23-Nov-25,9-Dec-25,0,0,5,Yes,Yes,,CON-SM-NW-RFT-1050,0.0,0,1.0,,,,,,,,,,,,,,,,,,,,,,,,,,,,,,,,,,,,,,,,,,,,,,,,,,,,,,
04-p6_activity_export,02-delay_analysis/unified_tia_csv/04-p6_activity_export.csv,5,Sophia-Mall-P.02-UP-26-Jun-26,,,,,,,,,,,,,,,,CON-SM-NW-RFT-1050,RFT for North wing raft RFT (North-Wing),Sophia-Mall - P.02 - UP-26-JUN-26.CON.North.Wing,17-Nov-25,29-Nov-25,26-Nov-25,16-Dec-25,26-Nov-25,16-Dec-25,0,-18,2,Yes,No,CON-SM-NW-FORM-1040,CON-SM-NW-CONC-1070,0.0,175.1,1.0,,,,,,,,,,,,,,,,,,,,,,,,,,,,,,,,,,,,,,,,,,,,,,,,,,,,,,
04-p6_activity_export,02-delay_analysis/unified_tia_csv/04-p6_activity_export.csv,6,Sophia-Mall-P.02-UP-26-Jun-26,,,,,,,,,,,,,,,,CON-SM-NW-CONC-1070,Concrete casting after North wing raft RFT (North-Wing),Sophia-Mall - P.02 - UP-26-JUN-26.CON.North.Wing,19-Nov-25,22-Nov-25,28-Nov-25,9-Dec-25,28-Nov-25,9-Dec-25,0,12,2,Yes,No,CON-SM-NW-FORM-1040,SM-MS-1040,0.0,0,1.0,,,,,,,,,,,,,,,,,,,,,,,,,,,,,,,,,,,,,,,,,,,,,,,,,,,,,,
04-p6_activity_export,02-delay_analysis/unified_tia_csv/04-p6_activity_export.csv,7,Sophia-Mall-P.02-UP-26-Jun-26,,,,,,,,,,,,,,,,CON-SM-SW-FORM-1050,Formwork readiness before South wing columns RFT (South-Wing),Sophia-Mall - P.02 - UP-26-JUN-26.CON.South.Wing,3-Dec-25,9-Dec-25,20-Dec-25,3-Jan-26,20-Dec-25,3-Jan-26,0,-95,0,Yes,Yes,,CON-SM-SW-RFT-1060,0.0,0,1.0,,,,,,,,,,,,,,,,,,,,,,,,,,,,,,,,,,,,,,,,,,,,,,,,,,,,,,
04-p6_activity_export,02-delay_analysis/unified_tia_csv/04-p6_activity_export.csv,8,Sophia-Mall-P.02-UP-26-Jun-26,,,,,,,,,,,,,,,,CON-SM-SW-RFT-1060,RFT for South wing columns RFT (South-Wing),Sophia-Mall - P.02 - UP-26-JUN-26.CON.South.Wing,6-Dec-25,16-Dec-25,23-Dec-25,10-Jan-26,23-Dec-25,10-Jan-26,0,-43,2,Yes,No,CON-SM-SW-FORM-1050,CON-SM-SW-CONC-1080,0.0,211.6,1.0,,,,,,,,,,,,,,,,,,,,,,,,,,,,,,,,,,,,,,,,,,,,,,,,,,,,,,
04-p6_activity_export,02-delay_analysis/unified_tia_csv/04-p6_activity_export.csv,9,Sophia-Mall-P.02-UP-26-Jun-26,,,,,,,,,,,,,,,,CON-SM-SW-CONC-1080,Concrete casting after South wing columns RFT (South-Wing),Sophia-Mall - P.02 - UP-26-JUN-26.CON.South.Wing,8-Dec-25,11-Dec-25,25-Dec-25,5-Jan-26,25-Dec-25,5-Jan-26,0,-72,2,Yes,Yes,CON-SM-SW-FORM-1050,SM-MS-1040,0.0,0,1.0,,,,,,,,,,,,,,,,,,,,,,,,,,,,,,,,,,,,,,,,,,,,,,,,,,,,,,
04-p6_activity_export,02-delay_analysis/unified_tia_csv/04-p6_activity_export.csv,10,Sophia-Mall-P.02-UP-26-Jun-26,,,,,,,,,,,,,,,,CON-SM-AT-FORM-1060,Formwork readiness before Atrium transfer slab RFT (Atrium),Sophia-Mall - P.02 - UP-26-JUN-26.CON.Atrium,22-Dec-25,2-Jan-26,27-Dec-25,15-Jan-26,27-Dec-25,15-Jan-26,0,-95,0,Yes,Yes,,CON-SM-AT-RFT-1070,0.0,0,1.0,,,,,,,,,,,,,,,,,,,,,,,,,,,,,,,,,,,,,,,,,,,,,,,,,,,,,,
04-p6_activity_export,02-delay_analysis/unified_tia_csv/04-p6_activity_export.csv,11,Sophia-Mall-P.02-UP-26-Jun-26,,,,,,,,,,,,,,,,CON-SM-AT-RFT-1070,RFT for Atrium transfer slab RFT (Atrium),Sophia-Mall - P.02 - UP-26-JUN-26.CON.Atrium,25-Dec-25,9-Jan-26,30-Dec-25,22-Jan-26,30-Dec-25,22-Jan-26,0,0,2,No,Yes,CON-SM-AT-FORM-1060,CON-SM-AT-CONC-1090,0.0,126.6,1.0,,,,,,,,,,,,,,,,,,,,,,,,,,,,,,,,,,,,,,,,,,,,,,,,,,,,,,
04-p6_activity_export,02-delay_analysis/unified_tia_csv/04-p6_activity_export.csv,12,Sophia-Mall-P.02-UP-26-Jun-26,,,,,,,,,,,,,,,,CON-SM-AT-CONC-1090,Concrete casting after Atrium transfer slab RFT (Atrium),Sophia-Mall - P.02 - UP-26-JUN-26.CON.Atrium,27-Dec-25,30-Dec-25,1-Jan-26,12-Jan-26,1-Jan-26,12-Jan-26,0,0,0,Yes,No,CON-SM-AT-FORM-1060,SM-MS-1040,0.0,0,1.0,,,,,,,,,,,,,,,,,,,,,,,,,,,,,,,,,,,,,,,,,,,,,,,,,,,,,,
04-p6_activity_export,02-delay_analysis/unified_tia_csv/04-p6_activity_export.csv,13,Sophia-Mall-P.02-UP-26-Jun-26,,,,,,,,,,,,,,,,CON-SM-CB-FORM-1070,Formwork readiness before Cinema block shear wall RFT (Cinema-Block),Sophia-Mall - P.02 - UP-26-JUN-26.CON.Cinema.Block,10-Jan-26,21-Jan-26,19-Jan-26,7-Feb-26,19-Jan-26,7-Feb-26,0,0,0,No,Yes,,CON-SM-CB-RFT-1080,0.0,0,1.0,,,,,,,,,,,,,,,,,,,,,,,,,,,,,,,,,,,,,,,,,,,,,,,,,,,,,,
04-p6_activity_export,02-delay_analysis/unified_tia_csv/04-p6_activity_export.csv,14,Sophia-Mall-P.02-UP-26-Jun-26,,,,,,,,,,,,,,,,CON-SM-CB-RFT-1080,RFT for Cinema block shear wall RFT (Cinema-Block),Sophia-Mall - P.02 - UP-26-JUN-26.CON.Cinema.Block,13-Jan-26,28-Jan-26,22-Jan-26,14-Feb-26,22-Jan-26,14-Feb-26,0,-72,0,No,No,CON-SM-CB-FORM-1070,CON-SM-CB-CONC-1100,0.0,154.6,1.0,,,,,,,,,,,,,,,,,,,,,,,,,,,,,,,,,,,,,,,,,,,,,,,,,,,,,,
04-p6_activity_export,02-delay_analysis/unified_tia_csv/04-p6_activity_export.csv,15,Sophia-Mall-P.02-UP-26-Jun-26,,,,,,,,,,,,,,,,CON-SM-CB-CONC-1100,Concrete casting after Cinema block shear wall RFT (Cinema-Block),Sophia-Mall - P.02 - UP-26-JUN-26.CON.Cinema.Block,15-Jan-26,18-Jan-26,24-Jan-26,4-Feb-26,24-Jan-26,4-Feb-26,0,0,0,Yes,No,CON-SM-CB-FORM-1070,SM-MS-1040,0.0,0,1.0,,,,,,,,,,,,,,,,,,,,,,,,,,,,,,,,,,,,,,,,,,,,,,,,,,,,,,
04-p6_activity_export,02-delay_analysis/unified_tia_csv/04-p6_activity_export.csv,16,Sophia-Mall-P.02-UP-26-Jun-26,,,,,,,,,,,,,,,,CON-SM-PP-FORM-1080,Formwork readiness before Parking podium slab RFT (Parking-Podium),Sophia-Mall - P.02 - UP-26-JUN-26.CON.Parking.Podium,29-Jan-26,9-Feb-26,27-Feb-26,18-Mar-26,27-Feb-26,18-Mar-26,0,-95,2,No,Yes,,CON-SM-PP-RFT-1090,0.0,0,1.0,,,,,,,,,,,,,,,,,,,,,,,,,,,,,,,,,,,,,,,,,,,,,,,,,,,,,,
04-p6_activity_export,02-delay_analysis/unified_tia_csv/04-p6_activity_export.csv,17,Sophia-Mall-P.02-UP-26-Jun-26,,,,,,,,,,,,,,,,CON-SM-PP-RFT-1090,RFT for Parking podium slab RFT (Parking-Podium),Sophia-Mall - P.02 - UP-26-JUN-26.CON.Parking.Podium,1-Feb-26,16-Feb-26,2-Mar-26,25-Mar-26,2-Mar-26,25-Mar-26,0,-72,2,No,Yes,CON-SM-PP-FORM-1080,CON-SM-PP-CONC-1110,0.0,239.4,1.0,,,,,,,,,,,,,,,,,,,,,,,,,,,,,,,,,,,,,,,,,,,,,,,,,,,,,,
04-p6_activity_export,02-delay_analysis/unified_tia_csv/04-p6_activity_export.csv,18,Sophia-Mall-P.02-UP-26-Jun-26,,,,,,,,,,,,,,,,CON-SM-PP-CONC-1110,Concrete casting after Parking podium slab RFT (Parking-Podium),Sophia-Mall - P.02 - UP-26-JUN-26.CON.Parking.Podium,3-Feb-26,6-Feb-26,4-Mar-26,15-Mar-26,4-Mar-26,15-Mar-26,0,0,2,No,No,CON-SM-PP-FORM-1080,SM-MS-1040,0.0,0,1.0,,,,,,,,,,,,,,,,,,,,,,,,,,,,,,,,,,,,,,,,,,,,,,,,,,,,,,
