source_table,source_path,row_order,project_id,wbs_code,wbs_name,total_activities,bl_project_duration,remaining_duration,total_float,bl_project_start,bl_project_finish,actual_start,actual_finish,schedule_%_complete,performance_%_complete,budget_at_completion,earned_value_cost,planned_value_cost,xer_pair_id,event_variant,baseline_source_id,impacted_source_id,data_date,baseline_schedule_name,impacted_update_name,baseline_project_finish,impacted_project_finish,parity_status,p6_operator,run_reference,notes,Activity ID,Activity Name,Predecessors,Predecessor Details,Successors,schedule_version,successor_activity_id,predecessor_activity_id,relationship_type,lag_days,source_id
wbs,01-data/import_templates/wbs.csv,1,Sophia-Mall-P.01-UP-20-April-26,No Priority,,1064,543,376,0,25-Aug-25,18-Feb-27,28-Aug-25,,0.623,0.354,382400000,135369600,238235200,,,,,,,,,,,,,,,,,,,,,,,,
wbs,01-data/import_templates/wbs.csv,2,Sophia-Mall-P.01-UP-20-April-26,Sophia-Mall - P.01 - UP-20-April-26,SOPHIA MALL MIXED-USE DEVELOPMENT,1064,543,376,-38,25-Aug-25,18-Feb-27,28-Aug-25,,0.623,0.354,382400000,135369600,238235200,,,,,,,,,,,,,,,,,,,,,,,,
wbs,01-data/import_templates/wbs.csv,3,Sophia-Mall-P.01-UP-20-April-26,Sophia-Mall - P.01 - UP-20-April-26.KD,Key Dates,8,543,376,-38,25-Aug-25,18-Feb-27,28-Aug-25,,0,0,0,0,0,,,,,,,,,,,,,,,,,,,,,,,,
wbs,01-data/import_templates/wbs.csv,4,Sophia-Mall-P.01-UP-20-April-26,Sophia-Mall - P.01 - UP-20-April-26.KD.MI,Milestone,5,543,376,-38,25-Aug-25,18-Feb-27,28-Aug-25,,0,0,0,0,0,,,,,,,,,,,,,,,,,,,,,,,,
wbs,01-data/import_templates/wbs.csv,5,Sophia-Mall-P.01-UP-20-April-26,Sophia-Mall - P.01 - UP-20-April-26.KD.MO,Mobilization,10,16,0,,25-Aug-25,10-Sep-25,29-Aug-25,15-Sep-25,0,0,0,0,0,,,,,,,,,,,,,,,,,,,,,,,,
wbs,01-data/import_templates/wbs.csv,6,Sophia-Mall-P.01-UP-20-April-26,Sophia-Mall - P.01 - UP-20-April-26.EN,Engineering,241,248,32,144,25-Aug-25,30-Apr-26,28-Aug-25,,0,0,0,0,0,,,,,,,,,,,,,,,,,,,,,,,,
wbs,01-data/import_templates/wbs.csv,7,Sophia-Mall-P.01-UP-20-April-26,Sophia-Mall - P.01 - UP-20-April-26.P,Procurement,86,440,212,88,25-Aug-25,8-Nov-26,28-Aug-25,,0,0,0,0,0,,,,,,,,,,,,,,,,,,,,,,,,
wbs,01-data/import_templates/wbs.csv,8,Sophia-Mall-P.01-UP-20-April-26,Sophia-Mall - P.01 - UP-20-April-26.CON,Construction,552,492,348,-26,29-Sep-25,10-Dec-26,28-Aug-25,,0.623,0.354,382400000,135369600,238235200,,,,,,,,,,,,,,,,,,,,,,,,
wbs,01-data/import_templates/wbs.csv,9,Sophia-Mall-P.01-UP-20-April-26,Sophia-Mall - P.01 - UP-20-April-26.CON.EW,Earth Works,31,62,0,,24-Sep-25,25-Nov-25,22-Sep-25,11-Nov-25,1,1,21850000,21850000,21850000,,,,,,,,,,,,,,,,,,,,,,,,
wbs,01-data/import_templates/wbs.csv,10,Sophia-Mall-P.01-UP-20-April-26,Sophia-Mall - P.01 - UP-20-April-26.CON.B1,Basement & Substructure,122,310,188,-45,14-Oct-25,20-Aug-26,28-Aug-25,,0.68,0.41,97300000,39893000,66164000,,,,,,,,,,,,,,,,,,,,,,,,
wbs,01-data/import_templates/wbs.csv,11,Sophia-Mall-P.01-UP-20-April-26,Sophia-Mall - P.01 - UP-20-April-26.CON.PD,Podium Structure,115,362,276,-54,3-Dec-25,30-Nov-26,28-Aug-25,,0.59,0.33,83450000,27538500,49235500,,,,,,,,,,,,,,,,,,,,,,,,
wbs,01-data/import_templates/wbs.csv,12,Sophia-Mall-P.01-UP-20-April-26,Sophia-Mall - P.01 - UP-20-April-26.CON.TR,Retail Floors,124,390,302,-39,14-Jan-26,8-Feb-27,28-Aug-25,,0.55,0.3,91600000,27480000,50380000,,,,,,,,,,,,,,,,,,,,,,,,
wbs,01-data/import_templates/wbs.csv,13,Sophia-Mall-P.01-UP-20-April-26,Sophia-Mall - P.01 - UP-20-April-26.CON.FA,Facade & Skylight,64,314,258,24,1-Mar-26,9-Jan-27,28-Aug-25,,0.36,0.18,47850000,8613000,17226000,,,,,,,,,,,,,,,,,,,,,,,,
wbs,01-data/import_templates/wbs.csv,14,Sophia-Mall-P.01-UP-20-April-26,Sophia-Mall - P.01 - UP-20-April-26.CON.MEP,MEP & Life Safety Systems,67,360,318,16,12-Apr-26,7-Apr-27,28-Aug-25,,0.28,0.14,52400000,7336000,14672000,,,,,,,,,,,,,,,,,,,,,,,,
wbs,01-data/import_templates/wbs.csv,15,Sophia-Mall-P.01-UP-20-April-26,Sophia-Mall - P.01 - UP-20-April-26.CON.FIN,Finishing & Tenant Interface,29,286,252,8,2-Apr-26,13-Jan-27,28-Aug-25,,0.22,0.11,39950000,4394500,8789000,,,,,,,,,,,,,,,,,,,,,,,,
wbs,01-data/import_templates/wbs.csv,16,Sophia-Mall-P.01-UP-20-April-26,Sophia-Mall - P.01 - UP-20-April-26.HO,"Testing, Commissioning & Handover",128,505,376,-38,3-Nov-25,18-Feb-27,,,0,0,0,0,0,,,,,,,,,,,,,,,,,,,,,,,,
05-relationship_file,02-delay_analysis/unified_tia_csv/05-relationship_file.csv,1,Sophia-Mall-P.02-UP-26-Jun-26,,,,,,,,,,,,,,,,,,,,,,,,,,,,,CON-SM-NW-FORM-1040,Formwork readiness before North wing raft RFT (North-Wing),E-APP-SM-NW-1020,E-APP-SM-NW-1020: FS 0,CON-SM-NW-RFT-1050,,,,,,
05-relationship_file,02-delay_analysis/unified_tia_csv/05-relationship_file.csv,2,Sophia-Mall-P.02-UP-26-Jun-26,,,,,,,,,,,,,,,,,,,,,,,,,,,,,CON-SM-NW-RFT-1050,RFT for North wing raft RFT (North-Wing),CON-SM-NW-FORM-1040,CON-SM-NW-FORM-1040: FS 0,CON-SM-NW-CONC-1070,,,,,,
05-relationship_file,02-delay_analysis/unified_tia_csv/05-relationship_file.csv,3,Sophia-Mall-P.02-UP-26-Jun-26,,,,,,,,,,,,,,,,,,,,,,,,,,,,,CON-SM-NW-CONC-1070,Concrete casting after North wing raft RFT (North-Wing),CON-SM-NW-RFT-1050,CON-SM-NW-RFT-1050: FS 0,SM-MS-1040,,,,,,
05-relationship_file,02-delay_analysis/unified_tia_csv/05-relationship_file.csv,4,Sophia-Mall-P.02-UP-26-Jun-26,,,,,,,,,,,,,,,,,,,,,,,,,,,,,CON-SM-SW-FORM-1050,Formwork readiness before South wing columns RFT (South-Wing),E-APP-SM-SW-1030,E-APP-SM-SW-1030: FS 0,CON-SM-SW-RFT-1060,,,,,,
05-relationship_file,02-delay_analysis/unified_tia_csv/05-relationship_file.csv,5,Sophia-Mall-P.02-UP-26-Jun-26,,,,,,,,,,,,,,,,,,,,,,,,,,,,,CON-SM-SW-RFT-1060,RFT for South wing columns RFT (South-Wing),CON-SM-SW-FORM-1050,CON-SM-SW-FORM-1050: FS 0,CON-SM-SW-CONC-1080,,,,,,
05-relationship_file,02-delay_analysis/unified_tia_csv/05-relationship_file.csv,6,Sophia-Mall-P.02-UP-26-Jun-26,,,,,,,,,,,,,,,,,,,,,,,,,,,,,CON-SM-SW-CONC-1080,Concrete casting after South wing columns RFT (South-Wing),CON-SM-SW-RFT-1060,CON-SM-SW-RFT-1060: FS 0,SM-MS-1040,,,,,,
05-relationship_file,02-delay_analysis/unified_tia_csv/05-relationship_file.csv,7,Sophia-Mall-P.02-UP-26-Jun-26,,,,,,,,,,,,,,,,,,,,,,,,,,,,,CON-SM-AT-FORM-1060,Formwork readiness before Atrium transfer slab RFT (Atrium),E-APP-SM-AT-1040,E-APP-SM-AT-1040: FS 0,CON-SM-AT-RFT-1070,,,,,,
05-relationship_file,02-delay_analysis/unified_tia_csv/05-relationship_file.csv,8,Sophia-Mall-P.02-UP-26-Jun-26,,,,,,,,,,,,,,,,,,,,,,,,,,,,,CON-SM-AT-RFT-1070,RFT for Atrium transfer slab RFT (Atrium),CON-SM-AT-FORM-1060,CON-SM-AT-FORM-1060: FS 0,CON-SM-AT-CONC-1090,,,,,,
05-relationship_file,02-delay_analysis/unified_tia_csv/05-relationship_file.csv,9,Sophia-Mall-P.02-UP-26-Jun-26,,,,,,,,,,,,,,,,,,,,,,,,,,,,,CON-SM-AT-CONC-1090,Concrete casting after Atrium transfer slab RFT (Atrium),CON-SM-AT-RFT-1070,CON-SM-AT-RFT-1070: FS 0,SM-MS-1040,,,,,,
05-relationship_file,02-delay_analysis/unified_tia_csv/05-relationship_file.csv,10,Sophia-Mall-P.02-UP-26-Jun-26,,,,,,,,,,,,,,,,,,,,,,,,,,,,,CON-SM-CB-FORM-1070,Formwork readiness before Cinema block shear wall RFT (Cinema-Block),E-APP-SM-CB-1050,E-APP-SM-CB-1050: FS 0,CON-SM-CB-RFT-1080,,,,,,
05-relationship_file,02-delay_analysis/unified_tia_csv/05-relationship_file.csv,11,Sophia-Mall-P.02-UP-26-Jun-26,,,,,,,,,,,,,,,,,,,,,,,,,,,,,CON-SM-CB-RFT-1080,RFT for Cinema block shear wall RFT (Cinema-Block),CON-SM-CB-FORM-1070,CON-SM-CB-FORM-1070: FS 0,CON-SM-CB-CONC-1100,,,,,,
05-relationship_file,02-delay_analysis/unified_tia_csv/05-relationship_file.csv,12,Sophia-Mall-P.02-UP-26-Jun-26,,,,,,,,,,,,,,,,,,,,,,,,,,,,,CON-SM-CB-CONC-1100,Concrete casting after Cinema block shear wall RFT (Cinema-Block),CON-SM-CB-RFT-1080,CON-SM-CB-RFT-1080: FS 0,SM-MS-1040,,,,,,
05-relationship_file,02-delay_analysis/unified_tia_csv/05-relationship_file.csv,13,Sophia-Mall-P.02-UP-26-Jun-26,,,,,,,,,,,,,,,,,,,,,,,,,,,,,CON-SM-PP-FORM-1080,Formwork readiness before Parking podium slab RFT (Parking-Podium),E-APP-SM-PP-1060,E-APP-SM-PP-1060: FS 0,CON-SM-PP-RFT-1090,,,,,,
05-relationship_file,02-delay_analysis/unified_tia_csv/05-relationship_file.csv,14,Sophia-Mall-P.02-UP-26-Jun-26,,,,,,,,,,,,,,,,,,,,,,,,,,,,,CON-SM-PP-RFT-1090,RFT for Parking podium slab RFT (Parking-Podium),CON-SM-PP-FORM-1080,CON-SM-PP-FORM-1080: FS 0,CON-SM-PP-CONC-1110,,,,,,
05-relationship_file,02-delay_analysis/unified_tia_csv/05-relationship_file.csv,15,Sophia-Mall-P.02-UP-26-Jun-26,,,,,,,,,,,,,,,,,,,,,,,,,,,,,CON-SM-PP-CONC-1110,Concrete casting after Parking podium slab RFT (Parking-Podium),CON-SM-PP-RFT-1090,CON-SM-PP-RFT-1090: FS 0,SM-MS-1040,,,,,,
