"RelativePath","PublicUrl","SizeKB"
"assets\logo.png","/assets/logo.png","7.49"
"data\analytics\lmd-bridge-s-curve-analytics.png","/data/analytics/lmd-bridge-s-curve-analytics.png","69.65"
"data\analytics\sophia-mall-s-curve-analytics.png","/data/analytics/sophia-mall-s-curve-analytics.png","62.62"
"data\analytics\suez-tunnel-s-curve-analytics.png","/data/analytics/suez-tunnel-s-curve-analytics.png","68.77"
"data\analytics\the-big-p-01-up-20-april-26-s-curve-analytics.png","/data/analytics/the-big-p-01-up-20-april-26-s-curve-analytics.png","67"
"generated\LMD-Bridgs\01_executive_dashboard.html","/generated/LMD-Bridgs/01_executive_dashboard.html","17.86"
"generated\LMD-Bridgs\02_master_dashboard.html","/generated/LMD-Bridgs/02_master_dashboard.html","84.56"
"generated\LMD-Bridgs\03_elite_svg_charts.html","/generated/LMD-Bridgs/03_elite_svg_charts.html","50.77"
"generated\LMD-Bridgs\04_linked_executive_dashboard.html","/generated/LMD-Bridgs/04_linked_executive_dashboard.html","56.24"
"generated\Sophia-Mall\01_executive_dashboard.html","/generated/Sophia-Mall/01_executive_dashboard.html","17.87"
"generated\Sophia-Mall\02_master_dashboard.html","/generated/Sophia-Mall/02_master_dashboard.html","84.71"
"generated\Sophia-Mall\03_elite_svg_charts.html","/generated/Sophia-Mall/03_elite_svg_charts.html","50.8"
"generated\Sophia-Mall\04_linked_executive_dashboard.html","/generated/Sophia-Mall/04_linked_executive_dashboard.html","56.23"
"generated\Suez-Tunnel\01_executive_dashboard.html","/generated/Suez-Tunnel/01_executive_dashboard.html","17.85"
"generated\Suez-Tunnel\02_master_dashboard.html","/generated/Suez-Tunnel/02_master_dashboard.html","84.78"
"generated\Suez-Tunnel\03_elite_svg_charts.html","/generated/Suez-Tunnel/03_elite_svg_charts.html","50.79"
"generated\Suez-Tunnel\04_linked_executive_dashboard.html","/generated/Suez-Tunnel/04_linked_executive_dashboard.html","56.25"
"generated\The-BIG-PH01\01_executive_dashboard.html","/generated/The-BIG-PH01/01_executive_dashboard.html","17.84"
"generated\The-BIG-PH01\02_master_dashboard.html","/generated/The-BIG-PH01/02_master_dashboard.html","115.23"
"generated\The-BIG-PH01\03_elite_svg_charts.html","/generated/The-BIG-PH01/03_elite_svg_charts.html","51.66"
"generated\The-BIG-PH01\04_linked_executive_dashboard.html","/generated/The-BIG-PH01/04_linked_executive_dashboard.html","54.72"
